Workbook

Sheet Table
A1: cliente_codigo | B1: zona_codigo | C1: Domingo | D1: fechaAnclaje | E1: frecuencia | F1: Jueves | G1: Lunes | H1: Martes | I1: Miercoles | J1: Orden_Visita | K1: Orden_Domingo | L1: Orden_Jueves | M1: Orden_Lunes | N1: Orden_Martes | O1: Orden_Miercoles | P1: Orden_Sabado | Q1: Orden_Viernes | R1: Sabado | S1: semanaInicial | T1: Viernes | U1: vendedor | V1: dia
A2: -1 | B2: 99 | C2: 0 | D2: 8 | E2: 1 | F2: 0 | G2: 0 | H2: 0 | I2: 0 | J2: 9999 | K2: 0 | L2: 0 | M2: 0 | N2: 0 | O2: 0 | P2: 0 | Q2: 0 | R2: 0 | S2: 1 | T2: 0 | U2: =+LEFT(B2,2) -> 99 | V2: 9
A3: 1 | B3: 902 | C3: 0 | D3: 45658 | E3: 1 | F3: 0 | G3: 0 | H3: 0 | I3: 0 | J3: 9999 | K3: 0 | L3: 0 | M3: 0 | N3: 0 | O3: 0 | P3: 0 | Q3: 0 | R3: 0 | S3: 1 | T3: 0 | U3: =+LEFT(B3,2) -> 90 | V3: 2
A4: 2 | B4: 902 | C4: 0 | D4: 45658 | E4: 1 | F4: 100 | G4: 100 | H4: 100 | I4: 100 | J4: 9999 | K4: 0 | L4: 0 | M4: 0 | N4: 0 | O4: 0 | P4: 0 | Q4: 0 | R4: 0 | S4: 0 | T4: 100 | U4: =+LEFT(B4,2) -> 90 | V4: 2
A5: 3 | B5: 343 | C5: 0 | D5: 45658 | E5: 1 | F5: 0 | G5: 0 | H5: 0 | I5: 34 | J5: 9999 | K5: 9999 | L5: 9999 | M5: 9999 | N5: 9999 | O5: 9999 | P5: 9999 | Q5: 9999 | R5: 0 | S5: 0 | T5: 0 | U5: =+LEFT(B5,2) -> 34 | V5: 3
A6: 4 | B6: 342 | C6: 0 | D6: 45658 | E6: 1 | F6: 0 | G6: 0 | H6: 34 | I6: 0 | J6: 9999 | K6: 9999 | L6: 9999 | M6: 9999 | N6: 9999 | O6: 9999 | P6: 9999 | Q6: 9999 | R6: 0 | S6: 0 | T6: 0 | U6: =+LEFT(B6,2) -> 34 | V6: 2
A7: 5 | B7: 342 | C7: 0 | D7: 45658 | E7: 1 | F7: 0 | G7: 0 | H7: 34 | I7: 0 | J7: 9999 | K7: 9999 | L7: 9999 | M7: 9999 | N7: 9999 | O7: 9999 | P7: 9999 | Q7: 9999 | R7: 0 | S7: 0 | T7: 0 | U7: =+LEFT(B7,2) -> 34 | V7: 2
A8: 6 | B8: 342 | C8: 0 | D8: 45658 | E8: 1 | F8: 0 | G8: 0 | H8: 34 | I8: 0 | J8: 9999 | K8: 9999 | L8: 9999 | M8: 9999 | N8: 9999 | O8: 9999 | P8: 9999 | Q8: 9999 | R8: 0 | S8: 0 | T8: 0 | U8: =+LEFT(B8,2) -> 34 | V8: 2
A9: 7 | B9: 333 | C9: 0 | D9: 2 | E9: 1 | F9: 0 | G9: 0 | H9: 0 | I9: 33 | J9: 9999 | K9: 9999 | L9: 9999 | M9: 9999 | N9: 9999 | O9: 9999 | P9: 9999 | Q9: 9999 | R9: 0 | S9: 1 | T9: 0 | U9: =+LEFT(B9,2) -> 33 | V9: 3
A10: 7 | B10: 342 | C10: 0 | E10: 1 | F10: 0 | G10: 0 | H10: 34 | I10: 0 | J10: 9999 | K10: 9999 | L10: 9999 | M10: 9999 | N10: 9999 | O10: 9999 | P10: 9999 | Q10: 9999 | R10: 0 | S10: 1 | T10: 0 | U10: =+LEFT(B10,2) -> 34 | V10: 2
A11: 8 | B11: 342 | C11: 0 | D11: 45658 | E11: 1 | F11: 0 | G11: 0 | H11: 34 | I11: 0 | J11: 9999 | K11: 9999 | L11: 9999 | M11: 9999 | N11: 9999 | O11: 9999 | P11: 9999 | Q11: 9999 | R11: 0 | S11: 0 | T11: 0 | U11: =+LEFT(B11,2) -> 34 | V11: 2
A12: 9 | B12: 342 | C12: 0 | D12: 45658 | E12: 1 | F12: 0 | G12: 0 | H12: 34 | I12: 0 | J12: 9999 | K12: 9999 | L12: 9999 | M12: 9999 | N12: 9999 | O12: 9999 | P12: 9999 | Q12: 9999 | R12: 0 | S12: 0 | T12: 0 | U12: =+LEFT(B12,2) -> 34 | V12: 2
A13: 10 | B13: 342 | C13: 0 | D13: 45658 | E13: 1 | F13: 0 | G13: 0 | H13: 34 | I13: 0 | J13: 9999 | K13: 9999 | L13: 9999 | M13: 9999 | N13: 9999 | O13: 9999 | P13: 9999 | Q13: 9999 | R13: 0 | S13: 0 | T13: 0 | U13: =+LEFT(B13,2) -> 34 | V13: 2
A14: 11 | B14: 342 | C14: 0 | D14: 45658 | E14: 1 | F14: 0 | G14: 0 | H14: 34 | I14: 0 | J14: 9999 | K14: 9999 | L14: 9999 | M14: 9999 | N14: 9999 | O14: 9999 | P14: 9999 | Q14: 9999 | R14: 0 | S14: 0 | T14: 0 | U14: =+LEFT(B14,2) -> 34 | V14: 2
A15: 12 | B15: 353 | C15: 0 | D15: 45658 | E15: 1 | F15: 0 | G15: 0 | H15: 0 | I15: 35 | J15: 9999 | K15: 9999 | L15: 9999 | M15: 9999 | N15: 9999 | O15: 9999 | P15: 9999 | Q15: 9999 | R15: 0 | S15: 0 | T15: 0 | U15: =+LEFT(B15,2) -> 35 | V15: 3
A16: 13 | B16: 353 | C16: 0 | D16: 45658 | E16: 1 | F16: 0 | G16: 0 | H16: 0 | I16: 35 | J16: 9999 | K16: 9999 | L16: 9999 | M16: 9999 | N16: 9999 | O16: 9999 | P16: 9999 | Q16: 9999 | R16: 0 | S16: 0 | T16: 0 | U16: =+LEFT(B16,2) -> 35 | V16: 3
A17: 14 | B17: 353 | C17: 0 | D17: 45658 | E17: 1 | F17: 0 | G17: 0 | H17: 0 | I17: 35 | J17: 9999 | K17: 9999 | L17: 9999 | M17: 9999 | N17: 9999 | O17: 9999 | P17: 9999 | Q17: 9999 | R17: 0 | S17: 0 | T17: 0 | U17: =+LEFT(B17,2) -> 35 | V17: 3
A18: 15 | B18: 353 | C18: 0 | D18: 45658 | E18: 1 | F18: 0 | G18: 0 | H18: 0 | I18: 35 | J18: 9999 | K18: 9999 | L18: 9999 | M18: 9999 | N18: 9999 | O18: 9999 | P18: 9999 | Q18: 9999 | R18: 0 | S18: 0 | T18: 0 | U18: =+LEFT(B18,2) -> 35 | V18: 3
A19: 16 | B19: 353 | C19: 0 | D19: 45658 | E19: 1 | F19: 0 | G19: 0 | H19: 0 | I19: 35 | J19: 9999 | K19: 9999 | L19: 9999 | M19: 9999 | N19: 9999 | O19: 9999 | P19: 9999 | Q19: 9999 | R19: 0 | S19: 0 | T19: 0 | U19: =+LEFT(B19,2) -> 35 | V19: 3
A20: 17 | B20: 353 | C20: 0 | D20: 45658 | E20: 1 | F20: 0 | G20: 0 | H20: 0 | I20: 35 | J20: 9999 | K20: 9999 | L20: 9999 | M20: 9999 | N20: 9999 | O20: 9999 | P20: 9999 | Q20: 9999 | R20: 0 | S20: 0 | T20: 0 | U20: =+LEFT(B20,2) -> 35 | V20: 3
A21: 18 | B21: 353 | C21: 0 | D21: 45658 | E21: 1 | F21: 0 | G21: 0 | H21: 0 | I21: 35 | J21: 9999 | K21: 9999 | L21: 9999 | M21: 9999 | N21: 9999 | O21: 9999 | P21: 9999 | Q21: 9999 | R21: 0 | S21: 0 | T21: 0 | U21: =+LEFT(B21,2) -> 35 | V21: 3
A22: 19 | B22: 343 | C22: 0 | D22: 45658 | E22: 1 | F22: 0 | G22: 0 | H22: 0 | I22: 34 | J22: 9999 | K22: 9999 | L22: 9999 | M22: 9999 | N22: 9999 | O22: 9999 | P22: 9999 | Q22: 9999 | R22: 0 | S22: 0 | T22: 0 | U22: =+LEFT(B22,2) -> 34 | V22: 3
... A27: 24 | B27: 343 | C27: 0 | D27: 45658 | E27: 1 | F27: 0 | G27: 0 | H27: 0 | I27: 34 | J27: 9999 | K27: 9999 | L27: 9999 | M27: 9999 | N27: 9999 | O27: 9999 | P27: 9999 | Q27: 9999 | R27: 0 | S27: 0 | T27: 0 | U27: =+LEFT(B27,2) -> 34 | V27: 3
A28: 25 | B28: 341 | C28: 0 | D28: 45658 | E28: 1 | F28: 0 | G28: 34 | H28: 0 | I28: 0 | J28: 9999 | K28: 9999 | L28: 9999 | M28: 9999 | N28: 9999 | O28: 9999 | P28: 9999 | Q28: 9999 | R28: 0 | S28: 0 | T28: 0 | U28: =+LEFT(B28,2) -> 34 | V28: lunes
A29: 26 | B29: 344 | C29: 0 | D29: 45658 | E29: 1 | F29: 34 | G29: 0 | H29: 0 | I29: 0 | J29: 9999 | K29: 9999 | L29: 9999 | M29: 9999 | N29: 9999 | O29: 9999 | P29: 9999 | Q29: 9999 | R29: 0 | S29: 0 | T29: 0 | U29: =+LEFT(B29,2) -> 34 | V29: 4
A30: 27 | B30: 344 | C30: 0 | D30: 45658 | E30: 1 | F30: 34 | G30: 0 | H30: 0 | I30: 0 | J30: 9999 | K30: 9999 | L30: 9999 | M30: 9999 | N30: 9999 | O30: 9999 | P30: 9999 | Q30: 9999 | R30: 0 | S30: 0 | T30: 0 | U30: =+LEFT(B30,2) -> 34 | V30: 4
A31: 28 | B31: 344 | C31: 0 | D31: 45658 | E31: 1 | F31: 34 | G31: 0 | H31: 0 | I31: 0 | J31: 9999 | K31: 9999 | L31: 9999 | M31: 9999 | N31: 9999 | O31: 9999 | P31: 9999 | Q31: 9999 | R31: 0 | S31: 0 | T31: 0 | U31: =+LEFT(B31,2) -> 34 | V31: 4
A32: 29 | B32: 343 | C32: 0 | D32: 45658 | E32: 1 | F32: 0 | G32: 0 | H32: 0 | I32: 34 | J32: 9999 | K32: 9999 | L32: 9999 | M32: 9999 | N32: 9999 | O32: 9999 | P32: 9999 | Q32: 9999 | R32: 0 | S32: 0 | T32: 0 | U32: =+LEFT(B32,2) -> 34 | V32: 3
A33: 30 | B33: 344 | C33: 0 | D33: 45658 | E33: 1 | F33: 34 | G33: 0 | H33: 0 | I33: 0 | J33: 9999 | K33: 9999 | L33: 9999 | M33: 9999 | N33: 9999 | O33: 9999 | P33: 9999 | Q33: 9999 | R33: 0 | S33: 0 | T33: 0 | U33: =+LEFT(B33,2) -> 34 | V33: 4
A34: 31 | B34: 344 | C34: 0 | D34: 45658 | E34: 1 | F34: 34 | G34: 0 | H34: 0 | I34: 0 | J34: 9999 | K34: 9999 | L34: 9999 | M34: 9999 | N34: 9999 | O34: 9999 | P34: 9999 | Q34: 9999 | R34: 0 | S34: 0 | T34: 0 | U34: =+LEFT(B34,2) -> 34 | V34: 4
A35: 32 | B35: 343 | C35: 0 | D35: 45658 | E35: 1 | F35: 0 | G35: 0 | H35: 0 | I35: 34 | J35: 9999 | K35: 9999 | L35: 9999 | M35: 9999 | N35: 9999 | O35: 9999 | P35: 9999 | Q35: 9999 | R35: 0 | S35: 0 | T35: 0 | U35: =+LEFT(B35,2) -> 34 | V35: 3
A36: 33 | B36: 343 | C36: 0 | D36: 45658 | E36: 1 | F36: 0 | G36: 0 | H36: 0 | I36: 34 | J36: 9999 | K36: 9999 | L36: 9999 | M36: 9999 | N36: 9999 | O36: 9999 | P36: 9999 | Q36: 9999 | R36: 0 | S36: 0 | T36: 0 | U36: =+LEFT(B36,2) -> 34 | V36: 3
A37: 34 | B37: 343 | C37: 0 | D37: 45658 | E37: 1 | F37: 0 | G37: 0 | H37: 0 | I37: 34 | J37: 9999 | K37: 9999 | L37: 9999 | M37: 9999 | N37: 9999 | O37: 9999 | P37: 9999 | Q37: 9999 | R37: 0 | S37: 0 | T37: 0 | U37: =+LEFT(B37,2) -> 34 | V37: 3
A38: 35 | B38: 344 | C38: 0 | D38: 45658 | E38: 1 | F38: 34 | G38: 0 | H38: 0 | I38: 0 | J38: 9999 | K38: 9999 | L38: 9999 | M38: 9999 | N38: 9999 | O38: 9999 | P38: 9999 | Q38: 9999 | R38: 0 | S38: 0 | T38: 0 | U38: =+LEFT(B38,2) -> 34 | V38: 4
A39: 36 | B39: 343 | C39: 0 | D39: 45658 | E39: 1 | F39: 0 | G39: 0 | H39: 0 | I39: 34 | J39: 9999 | K39: 9999 | L39: 9999 | M39: 9999 | N39: 9999 | O39: 9999 | P39: 9999 | Q39: 9999 | R39: 0 | S39: 0 | T39: 0 | U39: =+LEFT(B39,2) -> 34 | V39: 3
A40: 37 | B40: 343 | C40: 0 | D40: 45658 | E40: 1 | F40: 0 | G40: 0 | H40: 0 | I40: 34 | J40: 9999 | K40: 9999 | L40: 9999 | M40: 9999 | N40: 9999 | O40: 9999 | P40: 9999 | Q40: 9999 | R40: 0 | S40: 1 | T40: 0 | U40: =+LEFT(B40,2) -> 34 | V40: 3
... A47: 44 | B47: 344 | C47: 0 | D47: 45658 | E47: 1 | F47: 34 | G47: 0 | H47: 0 | I47: 0 | J47: 9999 | K47: 9999 | L47: 9999 | M47: 9999 | N47: 9999 | O47: 9999 | P47: 9999 | Q47: 9999 | R47: 0 | S47: 0 | T47: 0 | U47: =+LEFT(B47,2) -> 34 | V47: 4
A48: 45 | B48: 451 | C48: 0 | D48: 2 | E48: 1 | F48: 0 | G48: 45 | H48: 0 | I48: 0 | J48: 9999 | K48: 9999 | L48: 9999 | M48: 9999 | N48: 9999 | O48: 9999 | P48: 9999 | Q48: 9999 | R48: 0 | S48: 1 | T48: 0 | U48: =+LEFT(B48,2) -> 45 | V48: lunes
A49: 46 | B49: 343 | C49: 0 | D49: 45658 | E49: 1 | F49: 0 | G49: 0 | H49: 0 | I49: 34 | J49: 9999 | K49: 9999 | L49: 9999 | M49: 9999 | N49: 9999 | O49: 9999 | P49: 9999 | Q49: 9999 | R49: 0 | S49: 0 | T49: 0 | U49: =+LEFT(B49,2) -> 34 | V49: 3
A50: 47 | B50: 344 | C50: 0 | D50: 45658 | E50: 1 | F50: 34 | G50: 0 | H50: 0 | I50: 0 | J50: 9999 | K50: 9999 | L50: 9999 | M50: 9999 | N50: 9999 | O50: 9999 | P50: 9999 | Q50: 9999 | R50: 0 | S50: 0 | T50: 0 | U50: =+LEFT(B50,2) -> 34 | V50: 4
A51: 48 | B51: 343 | C51: 0 | D51: 45658 | E51: 1 | F51: 0 | G51: 0 | H51: 0 | I51: 34 | J51: 9999 | K51: 9999 | L51: 9999 | M51: 9999 | N51: 9999 | O51: 9999 | P51: 9999 | Q51: 9999 | R51: 0 | S51: 0 | T51: 0 | U51: =+LEFT(B51,2) -> 34 | V51: 3
A52: 49 | B52: 344 | C52: 0 | D52: 45658 | E52: 1 | F52: 34 | G52: 0 | H52: 0 | I52: 0 | J52: 9999 | K52: 9999 | L52: 9999 | M52: 9999 | N52: 9999 | O52: 9999 | P52: 9999 | Q52: 9999 | R52: 0 | S52: 0 | T52: 0 | U52: =+LEFT(B52,2) -> 34 | V52: 4
A53: 50 | B53: 343 | C53: 0 | D53: 45658 | E53: 1 | F53: 0 | G53: 0 | H53: 0 | I53: 34 | J53: 9999 | K53: 9999 | L53: 9999 | M53: 9999 | N53: 9999 | O53: 9999 | P53: 9999 | Q53: 9999 | R53: 0 | S53: 0 | T53: 0 | U53: =+LEFT(B53,2) -> 34 | V53: 3
A54: 51 | B54: 511 | C54: 0 | D54: 2 | E54: 1 | F54: 0 | G54: 51 | H54: 0 | I54: 0 | J54: 9999 | K54: 9999 | L54: 9999 | M54: 9999 | N54: 9999 | O54: 9999 | P54: 9999 | Q54: 9999 | R54: 0 | S54: 1 | T54: 0 | U54: =+LEFT(B54,2) -> 51 | V54: lunes
A55: 52 | B55: 344 | C55: 0 | D55: 45658 | E55: 1 | F55: 34 | G55: 0 | H55: 0 | I55: 0 | J55: 9999 | K55: 9999 | L55: 9999 | M55: 9999 | N55: 9999 | O55: 9999 | P55: 9999 | Q55: 9999 | R55: 0 | S55: 0 | T55: 0 | U55: =+LEFT(B55,2) -> 34 | V55: 4
A56: 53 | B56: 344 | C56: 0 | D56: 45658 | E56: 1 | F56: 34 | G56: 0 | H56: 0 | I56: 0 | J56: 9999 | K56: 9999 | L56: 9999 | M56: 9999 | N56: 9999 | O56: 9999 | P56: 9999 | Q56: 9999 | R56: 0 | S56: 0 | T56: 0 | U56: =+LEFT(B56,2) -> 34 | V56: 4
A57: 54 | B57: 352 | C57: 0 | D57: 45658 | E57: 1 | F57: 0 | G57: 0 | H57: 35 | I57: 0 | J57: 9999 | K57: 9999 | L57: 9999 | M57: 9999 | N57: 9999 | O57: 9999 | P57: 9999 | Q57: 9999 | R57: 0 | S57: 0 | T57: 0 | U57: =+LEFT(B57,2) -> 35 | V57: 2
A58: 55 | B58: 352 | C58: 0 | D58: 45658 | E58: 1 | F58: 0 | G58: 0 | H58: 35 | I58: 0 | J58: 9999 | K58: 9999 | L58: 9999 | M58: 9999 | N58: 9999 | O58: 9999 | P58: 9999 | Q58: 9999 | R58: 0 | S58: 0 | T58: 0 | U58: =+LEFT(B58,2) -> 35 | V58: 2
A59: 56 | B59: 352 | C59: 0 | D59: 45658 | E59: 1 | F59: 0 | G59: 0 | H59: 35 | I59: 0 | J59: 9999 | K59: 9999 | L59: 9999 | M59: 9999 | N59: 9999 | O59: 9999 | P59: 9999 | Q59: 9999 | R59: 0 | S59: 0 | T59: 0 | U59: =+LEFT(B59,2) -> 35 | V59: 2
A60: 57 | B60: 352 | C60: 0 | D60: 45658 | E60: 1 | F60: 0 | G60: 0 | H60: 35 | I60: 0 | J60: 9999 | K60: 9999 | L60: 9999 | M60: 9999 | N60: 9999 | O60: 9999 | P60: 9999 | Q60: 9999 | R60: 0 | S60: 0 | T60: 0 | U60: =+LEFT(B60,2) -> 35 | V60: 2
A61: 58 | B61: 352 | C61: 0 | D61: 45658 | E61: 1 | F61: 0 | G61: 0 | H61: 35 | I61: 0 | J61: 9999 | K61: 9999 | L61: 9999 | M61: 9999 | N61: 9999 | O61: 9999 | P61: 9999 | Q61: 9999 | R61: 0 | S61: 0 | T61: 0 | U61: =+LEFT(B61,2) -> 35 | V61: 2
A62: 59 | B62: 352 | C62: 0 | D62: 45658 | E62: 1 | F62: 0 | G62: 0 | H62: 35 | I62: 0 | J62: 9999 | K62: 9999 | L62: 9999 | M62: 9999 | N62: 9999 | O62: 9999 | P62: 9999 | Q62: 9999 | R62: 0 | S62: 0 | T62: 0 | U62: =+LEFT(B62,2) -> 35 | V62: 2
A63: 60 | B63: 352 | C63: 0 | D63: 45658 | E63: 1 | F63: 0 | G63: 0 | H63: 35 | I63: 0 | J63: 9999 | K63: 9999 | L63: 9999 | M63: 9999 | N63: 9999 | O63: 9999 | P63: 9999 | Q63: 9999 | R63: 0 | S63: 0 | T63: 0 | U63: =+LEFT(B63,2) -> 35 | V63: 2
A64: 61 | B64: 352 | C64: 0 | D64: 45658 | E64: 1 | F64: 0 | G64: 0 | H64: 35 | I64: 0 | J64: 9999 | K64: 9999 | L64: 9999 | M64: 9999 | N64: 9999 | O64: 9999 | P64: 9999 | Q64: 9999 | R64: 0 | S64: 0 | T64: 0 | U64: =+LEFT(B64,2) -> 35 | V64: 2
A65: 62 | B65: 903 | C65: 0 | D65: 45658 | E65: 0 | F65: 0 | G65: 0 | H65: 0 | I65: 0 | J65: 9999 | K65: 0 | L65: 0 | M65: 0 | N65: 0 | O65: 0 | P65: 0 | Q65: 0 | R65: 0 | S65: 0 | T65: 0 | U65: =+LEFT(B65,2) -> 90 | V65: 3
A66: 63 | B66: 352 | C66: 0 | D66: 45658 | E66: 1 | F66: 0 | G66: 0 | H66: 35 | I66: 0 | J66: 9999 | K66: 9999 | L66: 9999 | M66: 9999 | N66: 9999 | O66: 9999 | P66: 9999 | Q66: 9999 | R66: 0 | S66: 1 | T66: 0 | U66: =+LEFT(B66,2) -> 35 | V66: 2
... A71: 68 | B71: 385 | C71: 0 | D71: 45658 | E71: 1 | F71: 0 | G71: 0 | H71: 0 | I71: 0 | J71: 9999 | K71: 9999 | L71: 9999 | M71: 9999 | N71: 9999 | O71: 9999 | P71: 9999 | Q71: 9999 | R71: 0 | S71: 0 | T71: 38 | U71: =+LEFT(B71,2) -> 38 | V71: 5
A72: 69 | B72: 351 | C72: 0 | D72: 45658 | E72: 1 | F72: 0 | G72: 35 | H72: 0 | I72: 0 | J72: 9999 | K72: 9999 | L72: 9999 | M72: 9999 | N72: 9999 | O72: 9999 | P72: 9999 | Q72: 9999 | R72: 0 | S72: 0 | T72: 0 | U72: =+LEFT(B72,2) -> 35 | V72: lunes
A73: 70 | B73: 351 | C73: 0 | D73: 45658 | E73: 1 | F73: 0 | G73: 35 | H73: 0 | I73: 0 | J73: 9999 | K73: 9999 | L73: 9999 | M73: 9999 | N73: 9999 | O73: 9999 | P73: 9999 | Q73: 9999 | R73: 0 | S73: 0 | T73: 0 | U73: =+LEFT(B73,2) -> 35 | V73: lunes
A74: 71 | B74: 351 | C74: 0 | D74: 45658 | E74: 1 | F74: 0 | G74: 35 | H74: 0 | I74: 0 | J74: 9999 | K74: 9999 | L74: 9999 | M74: 9999 | N74: 9999 | O74: 9999 | P74: 9999 | Q74: 9999 | R74: 0 | S74: 0 | T74: 0 | U74: =+LEFT(B74,2) -> 35 | V74: lunes
A75: 72 | B75: 351 | C75: 0 | D75: 45658 | E75: 1 | F75: 0 | G75: 35 | H75: 0 | I75: 0 | J75: 9999 | K75: 9999 | L75: 9999 | M75: 9999 | N75: 9999 | O75: 9999 | P75: 9999 | Q75: 9999 | R75: 0 | S75: 0 | T75: 0 | U75: =+LEFT(B75,2) -> 35 | V75: lunes
A76: 73 | B76: 385 | C76: 0 | D76: 45658 | E76: 1 | F76: 0 | G76: 0 | H76: 0 | I76: 0 | J76: 9999 | K76: 9999 | L76: 9999 | M76: 9999 | N76: 9999 | O76: 9999 | P76: 9999 | Q76: 9999 | R76: 0 | S76: 0 | T76: 38 | U76: =+LEFT(B76,2) -> 38 | V76: 5
A77: 74 | B77: 351 | C77: 0 | D77: 45658 | E77: 1 | F77: 0 | G77: 35 | H77: 0 | I77: 0 | J77: 9999 | K77: 9999 | L77: 9999 | M77: 9999 | N77: 9999 | O77: 9999 | P77: 9999 | Q77: 9999 | R77: 0 | S77: 0 | T77: 0 | U77: =+LEFT(B77,2) -> 35 | V77: lunes
A78: 75 | B78: 351 | C78: 0 | D78: 45658 | E78: 1 | F78: 0 | G78: 35 | H78: 0 | I78: 0 | J78: 9999 | K78: 9999 | L78: 9999 | M78: 9999 | N78: 9999 | O78: 9999 | P78: 9999 | Q78: 9999 | R78: 0 | S78: 0 | T78: 0 | U78: =+LEFT(B78,2) -> 35 | V78: lunes
A79: 76 | B79: 385 | C79: 0 | D79: 45658 | E79: 1 | F79: 0 | G79: 0 | H79: 0 | I79: 0 | J79: 9999 | K79: 9999 | L79: 9999 | M79: 9999 | N79: 9999 | O79: 9999 | P79: 9999 | Q79: 9999 | R79: 0 | S79: 0 | T79: 38 | U79: =+LEFT(B79,2) -> 38 | V79: 5
A80: 77 | B80: 371 | C80: 0 | D80: 45658 | E80: 1 | F80: 0 | G80: 37 | H80: 0 | I80: 0 | J80: 9999 | K80: 9999 | L80: 9999 | M80: 9999 | N80: 9999 | O80: 9999 | P80: 9999 | Q80: 9999 | R80: 0 | S80: 0 | T80: 0 | U80: =+LEFT(B80,2) -> 37 | V80: lunes
A81: 78 | B81: 385 | C81: 0 | D81: 45658 | E81: 1 | F81: 0 | G81: 0 | H81: 0 | I81: 0 | J81: 9999 | K81: 9999 | L81: 9999 | M81: 9999 | N81: 9999 | O81: 9999 | P81: 9999 | Q81: 9999 | R81: 0 | S81: 0 | T81: 38 | U81: =+LEFT(B81,2) -> 38 | V81: 5
A82: 79 | B82: 385 | C82: 0 | D82: 45658 | E82: 1 | F82: 0 | G82: 0 | H82: 0 | I82: 0 | J82: 9999 | K82: 9999 | L82: 9999 | M82: 9999 | N82: 9999 | O82: 9999 | P82: 9999 | Q82: 9999 | R82: 0 | S82: 0 | T82: 38 | U82: =+LEFT(B82,2) -> 38 | V82: 5
A83: 80 | B83: 351 | C83: 0 | D83: 45658 | E83: 1 | F83: 0 | G83: 35 | H83: 0 | I83: 0 | J83: 9999 | K83: 9999 | L83: 9999 | M83: 9999 | N83: 9999 | O83: 9999 | P83: 9999 | Q83: 9999 | R83: 0 | S83: 0 | T83: 0 | U83: =+LEFT(B83,2) -> 35 | V83: lunes
A84: 81 | B84: 371 | C84: 0 | D84: 45658 | E84: 1 | F84: 0 | G84: 37 | H84: 0 | I84: 0 | J84: 9999 | K84: 9999 | L84: 9999 | M84: 9999 | N84: 9999 | O84: 9999 | P84: 9999 | Q84: 9999 | R84: 0 | S84: 0 | T84: 0 | U84: =+LEFT(B84,2) -> 37 | V84: lunes
A85: 82 | B85: 351 | C85: 0 | D85: 45658 | E85: 1 | F85: 0 | G85: 35 | H85: 0 | I85: 0 | J85: 9999 | K85: 9999 | L85: 9999 | M85: 9999 | N85: 9999 | O85: 9999 | P85: 9999 | Q85: 9999 | R85: 0 | S85: 0 | T85: 0 | U85: =+LEFT(B85,2) -> 35 | V85: lunes
A86: 83 | B86: 351 | C86: 0 | D86: 45658 | E86: 1 | F86: 0 | G86: 35 | H86: 0 | I86: 0 | J86: 9999 | K86: 9999 | L86: 9999 | M86: 9999 | N86: 9999 | O86: 9999 | P86: 9999 | Q86: 9999 | R86: 0 | S86: 0 | T86: 0 | U86: =+LEFT(B86,2) -> 35 | V86: lunes
A87: 84 | B87: 385 | C87: 0 | D87: 45658 | E87: 1 | F87: 0 | G87: 0 | H87: 0 | I87: 0 | J87: 9999 | K87: 9999 | L87: 9999 | M87: 9999 | N87: 9999 | O87: 9999 | P87: 9999 | Q87: 9999 | R87: 0 | S87: 0 | T87: 38 | U87: =+LEFT(B87,2) -> 38 | V87: 5
A88: 85 | B88: 385 | C88: 0 | D88: 45658 | E88: 1 | F88: 0 | G88: 0 | H88: 0 | I88: 0 | J88: 9999 | K88: 9999 | L88: 9999 | M88: 9999 | N88: 9999 | O88: 9999 | P88: 9999 | Q88: 9999 | R88: 0 | S88: 0 | T88: 38 | U88: =+LEFT(B88,2) -> 38 | V88: 5
A89: 86 | B89: 385 | C89: 0 | D89: 45658 | E89: 1 | F89: 0 | G89: 0 | H89: 0 | I89: 0 | J89: 9999 | K89: 9999 | L89: 9999 | M89: 9999 | N89: 9999 | O89: 9999 | P89: 9999 | Q89: 9999 | R89: 0 | S89: 0 | T89: 38 | U89: =+LEFT(B89,2) -> 38 | V89: 5
A90: 87 | B90: 385 | C90: 0 | D90: 45658 | E90: 1 | F90: 0 | G90: 0 | H90: 0 | I90: 0 | J90: 9999 | K90: 9999 | L90: 9999 | M90: 9999 | N90: 9999 | O90: 9999 | P90: 9999 | Q90: 9999 | R90: 0 | S90: 0 | T90: 38 | U90: =+LEFT(B90,2) -> 38 | V90: 5
A91: 88 | B91: 385 | C91: 0 | D91: 45658 | E91: 1 | F91: 0 | G91: 0 | H91: 0 | I91: 0 | J91: 9999 | K91: 9999 | L91: 9999 | M91: 9999 | N91: 9999 | O91: 9999 | P91: 9999 | Q91: 9999 | R91: 0 | S91: 0 | T91: 38 | U91: =+LEFT(B91,2) -> 38 | V91: 5
A92: 89 | B92: 373 | C92: 0 | D92: 45658 | E92: 1 | F92: 0 | G92: 0 | H92: 0 | I92: 37 | J92: 9999 | K92: 9999 | L92: 9999 | M92: 9999 | N92: 9999 | O92: 9999 | P92: 9999 | Q92: 9999 | R92: 0 | S92: 0 | T92: 0 | U92: =+LEFT(B92,2) -> 37 | V92: 3
A93: 90 | B93: 351 | C93: 0 | D93: 45658 | E93: 1 | F93: 0 | G93: 35 | H93: 0 | I93: 0 | J93: 9999 | K93: 9999 | L93: 9999 | M93: 9999 | N93: 9999 | O93: 9999 | P93: 9999 | Q93: 9999 | R93: 0 | S93: 0 | T93: 0 | U93: =+LEFT(B93,2) -> 35 | V93: lunes
A94: 91 | B94: 341 | C94: 0 | D94: 45658 | E94: 1 | F94: 0 | G94: 34 | H94: 0 | I94: 0 | J94: 9999 | K94: 9999 | L94: 9999 | M94: 9999 | N94: 9999 | O94: 9999 | P94: 9999 | Q94: 9999 | R94: 0 | S94: 0 | T94: 0 | U94: =+LEFT(B94,2) -> 34 | V94: lunes
A95: 92 | B95: 341 | C95: 0 | D95: 45658 | E95: 1 | F95: 0 | G95: 34 | H95: 0 | I95: 0 | J95: 9999 | K95: 9999 | L95: 9999 | M95: 9999 | N95: 9999 | O95: 9999 | P95: 9999 | Q95: 9999 | R95: 0 | S95: 0 | T95: 0 | U95: =+LEFT(B95,2) -> 34 | V95: lunes
A96: 93 | B96: 342 | C96: 0 | D96: 45658 | E96: 1 | F96: 0 | G96: 0 | H96: 34 | I96: 0 | J96: 9999 | K96: 9999 | L96: 9999 | M96: 9999 | N96: 9999 | O96: 9999 | P96: 9999 | Q96: 9999 | R96: 0 | S96: 0 | T96: 0 | U96: =+LEFT(B96,2) -> 34 | V96: 2
A97: 94 | B97: 342 | C97: 0 | D97: 45658 | E97: 1 | F97: 0 | G97: 0 | H97: 34 | I97: 0 | J97: 9999 | K97: 9999 | L97: 9999 | M97: 9999 | N97: 9999 | O97: 9999 | P97: 9999 | Q97: 9999 | R97: 0 | S97: 0 | T97: 0 | U97: =+LEFT(B97,2) -> 34 | V97: 2
A98: 95 | B98: 341 | C98: 0 | D98: 45658 | E98: 1 | F98: 0 | G98: 34 | H98: 0 | I98: 0 | J98: 9999 | K98: 9999 | L98: 9999 | M98: 9999 | N98: 9999 | O98: 9999 | P98: 9999 | Q98: 9999 | R98: 0 | S98: 0 | T98: 0 | U98: =+LEFT(B98,2) -> 34 | V98: lunes
A99: 96 | B99: 344 | C99: 0 | D99: 45658 | E99: 1 | F99: 34 | G99: 0 | H99: 0 | I99: 0 | J99: 9999 | K99: 9999 | L99: 9999 | M99: 9999 | N99: 9999 | O99: 9999 | P99: 9999 | Q99: 9999 | R99: 0 | S99: 0 | T99: 0 | U99: =+LEFT(B99,2) -> 34 | V99: 4
A100: 97 | B100: 342 | C100: 0 | D100: 45658 | E100: 1 | F100: 0 | G100: 0 | H100: 34 | I100: 0 | J100: 9999 | K100: 9999 | L100: 9999 | M100: 9999 | N100: 9999 | O100: 9999 | P100: 9999 | Q100: 9999 | R100: 0 | S100: 0 | T100: 0 | U100: =+LEFT(B100,2) -> 34 | V100: 2
A101: 98 | B101: 342 | C101: 0 | D101: 45658 | E101: 1 | F101: 0 | G101: 0 | H101: 34 | I101: 0 | J101: 9999 | K101: 9999 | L101: 9999 | M101: 9999 | N101: 9999 | O101: 9999 | P101: 9999 | Q101: 9999 | R101: 0 | S101: 0 | T101: 0 | U101: =+LEFT(B101,2) -> 34 | V101: 2
A102: 99 | B102: 342 | C102: 0 | D102: 45658 | E102: 1 | F102: 0 | G102: 0 | H102: 34 | I102: 0 | J102: 9999 | K102: 9999 | L102: 9999 | M102: 9999 | N102: 9999 | O102: 9999 | P102: 9999 | Q102: 9999 | R102: 0 | S102: 0 | T102: 0 | U102: =+LEFT(B102,2) -> 34 | V102: 2
A103: 100 | B103: 342 | C103: 0 | D103: 45658 | E103: 1 | F103: 0 | G103: 0 | H103: 34 | I103: 0 | J103: 9999 | K103: 9999 | L103: 9999 | M103: 9999 | N103: 9999 | O103: 9999 | P103: 9999 | Q103: 9999 | R103: 0 | S103: 0 | T103: 0 | U103: =+LEFT(B103,2) -> 34 | V103: 2
A104: 101 | B104: 385 | C104: 0 | D104: 45658 | E104: 1 | F104: 0 | G104: 0 | H104: 0 | I104: 0 | J104: 9999 | K104: 9999 | L104: 9999 | M104: 9999 | N104: 9999 | O104: 9999 | P104: 9999 | Q104: 9999 | R104: 0 | S104: 0 | T104: 38 | U104: =+LEFT(B104,2) -> 38 | V104: 5
A105: 102 | B105: 385 | C105: 0 | D105: 45658 | E105: 1 | F105: 0 | G105: 0 | H105: 0 | I105: 0 | J105: 9999 | K105: 9999 | L105: 9999 | M105: 9999 | N105: 9999 | O105: 9999 | P105: 9999 | Q105: 9999 | R105: 0 | S105: 0 | T105: 38 | U105: =+LEFT(B105,2) -> 38 | V105: 5
A106: 103 | B106: 342 | C106: 0 | D106: 45658 | E106: 1 | F106: 0 | G106: 0 | H106: 34 | I106: 0 | J106: 9999 | K106: 9999 | L106: 9999 | M106: 9999 | N106: 9999 | O106: 9999 | P106: 9999 | Q106: 9999 | R106: 0 | S106: 0 | T106: 0 | U106: =+LEFT(B106,2) -> 34 | V106: 2
A107: 104 | B107: 342 | C107: 0 | D107: 45658 | E107: 1 | F107: 0 | G107: 0 | H107: 34 | I107: 0 | J107: 9999 | K107: 9999 | L107: 9999 | M107: 9999 | N107: 9999 | O107: 9999 | P107: 9999 | Q107: 9999 | R107: 0 | S107: 0 | T107: 0 | U107: =+LEFT(B107,2) -> 34 | V107: 2
A108: 105 | B108: 342 | C108: 0 | D108: 45658 | E108: 1 | F108: 0 | G108: 0 | H108: 34 | I108: 0 | J108: 9999 | K108: 9999 | L108: 9999 | M108: 9999 | N108: 9999 | O108: 9999 | P108: 9999 | Q108: 9999 | R108: 0 | S108: 0 | T108: 0 | U108: =+LEFT(B108,2) -> 34 | V108: 2
A109: 106 | B109: 342 | C109: 0 | D109: 45658 | E109: 1 | F109: 0 | G109: 0 | H109: 34 | I109: 0 | J109: 9999 | K109: 9999 | L109: 9999 | M109: 9999 | N109: 9999 | O109: 9999 | P109: 9999 | Q109: 9999 | R109: 0 | S109: 0 | T109: 0 | U109: =+LEFT(B109,2) -> 34 | V109: 2
A110: 107 | B110: 342 | C110: 0 | D110: 45658 | E110: 1 | F110: 0 | G110: 0 | H110: 34 | I110: 0 | J110: 9999 | K110: 9999 | L110: 9999 | M110: 9999 | N110: 9999 | O110: 9999 | P110: 9999 | Q110: 9999 | R110: 0 | S110: 0 | T110: 0 | U110: =+LEFT(B110,2) -> 34 | V110: 2
A111: 108 | B111: 341 | C111: 0 | D111: 45658 | E111: 1 | F111: 0 | G111: 34 | H111: 0 | I111: 0 | J111: 9999 | K111: 9999 | L111: 9999 | M111: 9999 | N111: 9999 | O111: 9999 | P111: 9999 | Q111: 9999 | R111: 0 | S111: 0 | T111: 0 | U111: =+LEFT(B111,2) -> 34 | V111: lunes
A112: 109 | B112: 341 | C112: 0 | D112: 45658 | E112: 1 | F112: 0 | G112: 34 | H112: 0 | I112: 0 | J112: 9999 | K112: 9999 | L112: 9999 | M112: 9999 | N112: 9999 | O112: 9999 | P112: 9999 | Q112: 9999 | R112: 0 | S112: 0 | T112: 0 | U112: =+LEFT(B112,2) -> 34 | V112: lunes
A113: 110 | B113: 351 | C113: 0 | D113: 45658 | E113: 1 | F113: 0 | G113: 35 | H113: 0 | I113: 0 | J113: 9999 | K113: 9999 | L113: 9999 | M113: 9999 | N113: 9999 | O113: 9999 | P113: 9999 | Q113: 9999 | R113: 0 | S113: 0 | T113: 0 | U113: =+LEFT(B113,2) -> 35 | V113: lunes
A114: 111 | B114: 351 | C114: 0 | D114: 45658 | E114: 1 | F114: 0 | G114: 35 | H114: 0 | I114: 0 | J114: 9999 | K114: 9999 | L114: 9999 | M114: 9999 | N114: 9999 | O114: 9999 | P114: 9999 | Q114: 9999 | R114: 0 | S114: 0 | T114: 0 | U114: =+LEFT(B114,2) -> 35 | V114: lunes
...

Sheet Hoja1
A1: Cliente | B1: dia
A2: 228 | B2: =+VLOOKUP(A2,Table!A:V,22,0) -> 4
A3: 971 | B3: =+VLOOKUP(A3,Table!A:V,22,0) -> 6
A4: 1292 | B4: =+VLOOKUP(A4,Table!A:V,22,0) -> 5
A5: 1303 | B5: =+VLOOKUP(A5,Table!A:V,22,0) -> 3
A6: 1637 | B6: =+VLOOKUP(A6,Table!A:V,22,0) -> 2
A7: 1660 | B7: =+VLOOKUP(A7,Table!A:V,22,0) -> 3
A8: 2185 | B8: =+VLOOKUP(A8,Table!A:V,22,0) -> 2
A9: 2193 | B9: =+VLOOKUP(A9,Table!A:V,22,0) -> lunes
A10: 2259 | B10: =+VLOOKUP(A10,Table!A:V,22,0) -> 2
A11: 2329 | B11: =+VLOOKUP(A11,Table!A:V,22,0) -> 5
A12: 2347 | B12: =+VLOOKUP(A12,Table!A:V,22,0) -> 5
A13: 2348 | B13: =+VLOOKUP(A13,Table!A:V,22,0) -> 3
... A3664: 39612912 | B3664: =+VLOOKUP(A3664,Table!A:V,22,0) -> 2
